<?xml version="1.0"?>
<!DOCTYPE hibernate-mapping PUBLIC "-//Hibernate/Hibernate Mapping DTD 3.0//EN"
"http://hibernate.sourceforge.net/hibernate-mapping-3.0.dtd">
<!-- Generated Feb 2, 2017 12:15:54 PM by Hibernate Tools 3.3.0.GA -->
<hibernate-mapping>
    <class name="com.psl.bean.User" table="tbl_user">
        <id name="userId" type="int">
            <column name="USERID" />
            <generator class="identity" />
        </id>
        <property name="userName" type="java.lang.String">
            <column name="USERNAME" />
        </property>
        <set name="accounts" table="tbl_account" inverse="false" lazy="true" cascade="all">
            <key>
                <column name="USERID" />
            </key>
            <one-to-many class="com.psl.bean.Account" />
        </set>
    </class>
</hibernate-mapping>
